Altium Designer Pick and Place Locations
D:\WorkSpace\Altium\Task_2\Project Outputs for NANORACK_PHOTODIODE\Pick Place for PHOTODIODE_FIX.csv

========================================================================================================================
File Design Information:

Date:       14/11/24
Time:       16:22
Revision:   Not in VersionControl
Variant:    No variations
Units used: mm

"Designator","Comment","Layer","Footprint","Center-X(mm)","Center-Y(mm)","Rotation","Description"
"R19","1K 1%","TopLayer","RES-SMD-0603","8.7549","21.3201","90","0603"
"R18","10K 1%","TopLayer","RES-SMD-0603","74.9219","7.6519","90","0603"
"R5","1K 1%","TopLayer","RES-SMD-0603","74.9219","16.6478","90","0603"
"3.3V","3.3V","TopLayer","GREENLED_0603","8.7500","16.8940","270",""
"12V","12V","TopLayer","GREENLED_0603","74.9170","2.9230","270",""
"VBUS","VBUS","TopLayer","GREENLED_0603","74.9170","11.9189","270",""
"PD18","Photodiode","BottomLayer","VEMD5080X01","62.5980","47.7000","180",""
"C25","100uF 10V","TopLayer","CAP_TANT_1206","57.5230","7.6120","270","Polarized Capacitor (Axial)"
"C23","100uF 10V","TopLayer","CAP_TANT_1206","22.0900","7.6120","270","Polarized Capacitor (Axial)"
"C24","100uF 10V","TopLayer","CAP_TANT_1206","32.7580","7.6120","270","Polarized Capacitor (Axial)"
"JP2","Conn shunt","TopLayer","M50-3930342","12.4380","6.2750","0","WR-PHD 2.54 mm Angled Socket Header"
"TVS5","S2305","TopLayer","SOT23-123","60.6980","7.6049","270","TVS DIODE 5VWM 10.8VC SOT23, P/N:  
S2305"
"C22","0.1uF/25V","TopLayer","SM-0603","28.9480","14.6605","180","0603"
"R3","4.7K 1%","TopLayer","RES-SMD-0603","52.3349","26.5539","0","0603"
"C21","0.1uF/25V","TopLayer","SM-0603","11.0410","16.8940","90","0603"
"C20","0.1uF/25V","TopLayer","SM-0603","11.0410","21.3280","90","0603"
"U6","74HC4067PW","TopLayer","TSSOP24","42.5000","38.9810","270","TSSOP24"
"U5","74HC4067PW","TopLayer","TSSOP24","42.5000","53.7765","270","TSSOP24"
"U1","74HC4067PW","TopLayer","TSSOP24","42.5000","68.5720","270","TSSOP24"
"U10","ADS8327","TopLayer","TSSOP16","29.2020","21.8360","0","IC ADC 16BIT SAR 16TSSOP"
"U3","OPA4340","TopLayer","SSOP16","16.7560","20.3120","0","IC CMOS 4 CIRCUIT 16SSOP"
"U12","TPS7A4533DCQR","TopLayer","SOT223-6","27.8050","7.8660","270","IC REG LINEAR 3.3V 1.5A SOT223-6"
"U7","MCP23017T-E/SS","TopLayer","SSOP28","43.4700","22.1760","0",""
"TVS4","S2305","TopLayer","SOT23-123","63.7460","12.3964","0","TVS DIODE 5VWM 10.8VC SOT23, P/N:  
S2305"
"TVS3","S2305","TopLayer","SOT23-123","68.9530","12.3964","0","TVS DIODE 5VWM 10.8VC SOT23, P/N:  
S2305"
"TVS2","S2305","TopLayer","SOT23-123","68.9530","3.5146","0","TVS DIODE 5VWM 10.8VC SOT23, P/N:  
S2305"
"TVS1","S2312","TopLayer","SOT23-123","63.7460","3.5146","0","TVS DIODE 12VWM 19VC SOT23, P/N:  S2312"
"R83","4.7K 1%","TopLayer","RES-SMD-0603","52.3349","17.7540","0","0603"
"R82","4.7K 1%","TopLayer","RES-SMD-0603","52.3349","15.9941","0","0603"
"R80","10K 1%","TopLayer","RES-SMD-0603","15.1051","11.9754","270","0603"
"R79","2K 1%","TopLayer","RES-SMD-0603","16.6289","3.1216","90","0603"
"R72","4.7K 1%","TopLayer","RES-SMD-0603","58.8120","28.3139","0","0603"
"R71","10K 1%","TopLayer","RES-SMD-0603","58.7741","15.9939","180","0603"
"R69","4.7K 1%","TopLayer","RES-SMD-0603","70.7121","28.3139","0","0603"
"R68","4.7K 1%","TopLayer","RES-SMD-0603","65.1241","28.3137","180","0603"
"R67","10K 1%","TopLayer","RES-SMD-0603","65.1241","15.9939","180","0603"
"R66","10K 1%","TopLayer","RES-SMD-0603","70.7121","15.9941","0","0603"
"R17","4.7K 1%","TopLayer","RES-SMD-0603","36.1681","28.3137","180","0603"
"R16","4.7K 1%","TopLayer","RES-SMD-0603","36.1681","15.9939","180","0603"
"R15","4.7K 1%","TopLayer","RES-SMD-0603","36.1681","22.1538","180","0603"
"R14","10K 1%","TopLayer","RES-SMD-0603","46.7469","28.3139","0","0603"
"R13","22R 1%","TopLayer","RES-SMD-0603","32.6499","15.9941","0","0603"
"R12","22R 1%","TopLayer","RES-SMD-0603","25.2461","15.9939","180","0603"
"R11","4.7K 1%","TopLayer","RES-SMD-0603","52.3349","24.7939","0","0603"
"R10","4.7K 1%","TopLayer","RES-SMD-0603","52.3349","23.0339","0","0603"
"R9","51R 1%","TopLayer","RES-SMD-0603","16.7749","25.5191","0","0603"
"R8","4.7K 1%","TopLayer","RES-SMD-0603","52.3349","21.2740","0","0603"
"R7","4.7K 1%","TopLayer","RES-SMD-0603","52.3349","19.5140","0","0603"
"R6","10K 1%","TopLayer","RES-SMD-0603","21.5382","25.5191","0","0603"
"R4","10K 1%","TopLayer","RES-SMD-0603","22.4462","16.9019","270","0603"
"R2","10K 1%","TopLayer","RES-SMD-0603","18.8961","15.9939","180","0603"
"R1","330k 1%","TopLayer","RES-SMD-0603","13.5809","27.4429","90","0603"
"PD48","Photodiode","BottomLayer","VEMD5080X01","14.5980","19.5000","180",""
"PD47","Photodiode","BottomLayer","VEMD5080X01","22.5980","19.5000","180",""
"PD46","Photodiode","BottomLayer","VEMD5080X01","30.5980","19.5000","180",""
"PD45","Photodiode","BottomLayer","VEMD5080X01","38.5980","19.5000","180",""
"PD44","Photodiode","BottomLayer","VEMD5080X01","46.5980","19.5000","180",""
"PD43","Photodiode","BottomLayer","VEMD5080X01","54.5980","19.5000","180",""
"PD42","Photodiode","BottomLayer","VEMD5080X01","62.5980","19.5000","180",""
"PD41","Photodiode","BottomLayer","VEMD5080X01","70.5980","19.5000","180",""
"PD40","Photodiode","BottomLayer","VEMD5080X01","14.5980","28.9000","180",""
"PD39","Photodiode","BottomLayer","VEMD5080X01","22.5980","28.9000","180",""
"PD38","Photodiode","BottomLayer","VEMD5080X01","30.5980","28.9000","180",""
"PD37","Photodiode","BottomLayer","VEMD5080X01","38.5980","28.9000","180",""
"PD36","Photodiode","BottomLayer","VEMD5080X01","46.5980","28.9000","180",""
"PD35","Photodiode","BottomLayer","VEMD5080X01","54.5980","28.9000","180",""
"PD34","Photodiode","BottomLayer","VEMD5080X01","62.5980","28.9000","180",""
"PD33","Photodiode","BottomLayer","VEMD5080X01","70.5980","28.9000","180",""
"PD32","Photodiode","BottomLayer","VEMD5080X01","14.5980","38.3000","180",""
"PD31","Photodiode","BottomLayer","VEMD5080X01","22.5980","38.3000","180",""
"PD30","Photodiode","BottomLayer","VEMD5080X01","30.5980","38.3000","180",""
"PD29","Photodiode","BottomLayer","VEMD5080X01","38.5980","38.3000","180",""
"PD28","Photodiode","BottomLayer","VEMD5080X01","46.5980","38.3000","180",""
"PD27","Photodiode","BottomLayer","VEMD5080X01","54.5980","38.3000","180",""
"PD26","Photodiode","BottomLayer","VEMD5080X01","62.5980","38.3000","180",""
"PD25","Photodiode","BottomLayer","VEMD5080X01","70.5980","38.3000","180",""
"PD24","Photodiode","BottomLayer","VEMD5080X01","14.5980","47.7000","180",""
"PD23","Photodiode","BottomLayer","VEMD5080X01","22.5980","47.7000","180",""
"PD22","Photodiode","BottomLayer","VEMD5080X01","30.5980","47.7000","180",""
"PD21","Photodiode","BottomLayer","VEMD5080X01","38.5980","47.7000","180",""
"PD20","Photodiode","BottomLayer","VEMD5080X01","46.5980","47.7000","180",""
"PD19","Photodiode","BottomLayer","VEMD5080X01","54.5980","47.7000","180",""
"PD17","Photodiode","BottomLayer","VEMD5080X01","70.5980","47.7000","180",""
"PD16","Photodiode","BottomLayer","VEMD5080X01","14.5980","57.1000","180",""
"PD15","Photodiode","BottomLayer","VEMD5080X01","22.5980","57.1000","180",""
"PD14","Photodiode","BottomLayer","VEMD5080X01","30.5980","57.1000","180",""
"PD13","Photodiode","BottomLayer","VEMD5080X01","38.5980","57.1000","180",""
"PD12","Photodiode","BottomLayer","VEMD5080X01","46.5980","57.1000","180",""
"PD11","Photodiode","BottomLayer","VEMD5080X01","54.5980","57.1000","180",""
"PD10","Photodiode","BottomLayer","VEMD5080X01","62.5980","57.1000","180",""
"PD9","Photodiode","BottomLayer","VEMD5080X01","70.5980","57.1000","180",""
"PD8","Photodiode","BottomLayer","VEMD5080X01","14.5980","66.5000","180",""
"PD7","Photodiode","BottomLayer","VEMD5080X01","22.5980","66.5000","180",""
"PD6","Photodiode","BottomLayer","VEMD5080X01","30.5980","66.5000","180",""
"PD5","Photodiode","BottomLayer","VEMD5080X01","38.5980","66.5000","180",""
"PD4","Photodiode","BottomLayer","VEMD5080X01","46.5980","66.5000","180",""
"PD3","Photodiode","BottomLayer","VEMD5080X01","54.5980","66.5000","180",""
"PD2","Photodiode","BottomLayer","VEMD5080X01","62.5980","66.5000","180",""
"PD1","Photodiode","BottomLayer","VEMD5080X01","70.5980","66.5000","180",""
"JP1","JP7x2","BottomLayer","M80-8281442","64.0710","7.6270","180","WR-PHD 2.54 mm Dual Socket Header"
"U11","DCP021205","TopLayer","DCP02","44.8230","7.2310","270",""
"U9","MAX14431","TopLayer","MAX14431","59.3010","22.3440","90","MAX14431CAEE+"
"U8","ADUM1250ARZ","TopLayer","SO8","69.2070","22.3440","90",""
"U4","REF1930","TopLayer","SOT23-5","17.6449","7.8659","0","REF1941AIDDCT"
"H4","M3","TopLayer","M3","5.5000","5.5000","0",""
"H3","M3","TopLayer","M3","80.5000","5.5000","0",""
"H2","M3","TopLayer","M3","80.5000","80.5000","0",""
"H1","M3","TopLayer","M3","5.5000","80.5000","0",""
"C219","0.22uF/25V","TopLayer","SM-0603","34.5360","3.2940","90","0603"
"C218","2.2uF/25V","TopLayer","SM-0603","59.3010","3.3263","90","0603"
"C215","0.22uF/25V","TopLayer","SM-0603","23.7410","3.3263","90","0603"
"C213","0.22uF/25V","TopLayer","SM-0603","23.7410","11.8030","90","0603"
"C209","0.1uF/25V","TopLayer","SM-0603","20.3120","3.2940","90","0603"
"C207","0.1uF/25V","TopLayer","SM-0603","20.3120","11.8030","90","0603"
"C173","0.22uF/25V","TopLayer","SM-0603","34.5360","11.8030","90","0603"
"C171","2.2uF/25V","TopLayer","SM-0603","59.3010","12.5847","90","0603"
"C33","0.1uF/25V","TopLayer","SM-0603","11.0410","11.8030","90","0603"
"C19","10nF/25V","TopLayer","SM-0603","21.3280","28.3138","0","0603"
"C18","0.1uF/25V","TopLayer","SM-0603","40.2510","28.3138","0","0603"
"C17","0.1uF/25V","TopLayer","SM-0603","40.7590","15.9940","0","0603"
"C16","0.1uF/25V","TopLayer","SM-0603","31.4880","28.3130","180","0603"
"C15","0.1uF/25V","TopLayer","SM-0603","26.4080","28.3138","180","0603"
"C14","470pF/25V","TopLayer","SM-0603","28.9480","15.9940","180","0603"
"C13","0.1uF/25V","TopLayer","SM-0603","48.2520","55.6898","270","0603"
"C12","0.1uF/25V","TopLayer","SM-0603","48.2520","70.4853","270","0603"
"C11","0.1uF/25V","TopLayer","SM-0603","48.2520","40.8860","270","0603"
"C9","470pF/25V","TopLayer","SM-0603","16.7560","28.3130","0","0603"
"C8","0.1uF/25V","TopLayer","SM-0603","48.2520","51.8632","270","0603"
"C7","0.1uF/25V","TopLayer","SM-0603","48.2520","66.6587","270","0603"
"C6","0.1uF/25V","TopLayer","SM-0603","48.2520","37.0677","270","0603"
"C4","10nF/25V","TopLayer","SM-0603","22.4462","20.8200","270","0603"
"C3","10nF/25V","TopLayer","SM-0603","14.7240","15.9940","0","0603"
"C2","0.1uF/25V","TopLayer","SM-0603","46.3360","15.9940","0","0603"
"C1","470pF/25V","TopLayer","SM-0603","11.0410","27.4138","90","0603"
